{"cameraMode":{"drawMode":0,"name":"Shaded","section":"Shading Mode"},"sceneLighting":false,"audioPlay":false,"sceneViewState":{"showFog":true,"showMaterialUpdate":false,"showSkybox":false,"showFlares":true,"showImageEffects":true,"showParticleSystems":true},"in2DMode":false,"pivot":{"x":-10.520071029663086,"y":13.383705139160157,"z":-4.3283586502075199},"rotation":{"x":0.22906696796417237,"y":-0.6666099429130554,"z":0.2264525592327118,"w":0.6724629402160645},"size":0.8660253882408142,"orthographic":true}