{"cameraMode":{"drawMode":0,"name":"Shaded","section":"Shading Mode"},"sceneLighting":true,"audioPlay":false,"sceneViewState":{"showFog":true,"showMaterialUpdate":false,"showSkybox":true,"showFlares":true,"showImageEffects":true,"showParticleSystems":true},"in2DMode":false,"pivot":{"x":-5.149307727813721,"y":6.143343448638916,"z":-0.717527449131012},"rotation":{"x":0.31139618158340456,"y":-0.41770607233047488,"z":0.15438072383403779,"w":0.8397154211997986},"size":19.946495056152345,"orthographic":true}